medication_id,admission_id,drug_name,dosage,start_date,end_date
1,1,Levothyroxine,200mg,2025-04-21,2025-04-23
2,1,Simvastatin,300mg,2025-04-21,2025-04-23
3,1,Atorvastatin,200mg,2025-04-21,2025-04-22
4,2,Metformin,200mg,2025-04-08,2025-04-13
5,2,Furosemide,300mg,2025-04-08,2025-04-15
6,2,Amlodipine,200mg,2025-04-08,2025-04-19
7,3,Metoprolol,100mg,2025-04-24,2025-04-30
8,3,Furosemide,100mg,2025-04-24,2025-04-29
9,4,Lisinopril,200mg,2025-02-07,2025-02-08
10,4,Amlodipine,300mg,2025-02-07,2025-02-08
11,4,Simvastatin,200mg,2025-02-07,2025-02-08
12,5,Atorvastatin,200mg,2025-02-07,2025-02-16
13,6,Metoprolol,200mg,2025-05-23,2025-05-26
14,6,Amlodipine,300mg,2025-05-23,2025-05-27
15,6,Losartan,300mg,2025-05-23,2025-05-25
16,7,Furosemide,200mg,2025-04-26,2025-04-29
17,7,Lisinopril,100mg,2025-04-26,2025-04-29
18,7,Levothyroxine,200mg,2025-04-26,2025-04-29
19,8,Atorvastatin,100mg,2025-01-21,2025-01-24
20,8,Lisinopril,200mg,2025-01-21,2025-01-23
21,8,Omeprazole,200mg,2025-01-21,2025-01-24
22,9,Simvastatin,100mg,2025-01-16,2025-01-20
23,9,Omeprazole,200mg,2025-01-16,2025-01-19
24,9,Simvastatin,200mg,2025-01-16,2025-01-18
25,10,Simvastatin,100mg,2025-03-11,2025-03-17
26,10,Losartan,300mg,2025-03-11,2025-03-13
27,11,Losartan,100mg,2025-01-07,2025-01-09
28,12,Levothyroxine,200mg,2025-04-08,2025-04-12
29,12,Lisinopril,100mg,2025-04-08,2025-04-12
30,13,Metformin,100mg,2025-05-19,2025-05-20
31,13,Furosemide,300mg,2025-05-19,2025-05-20
32,13,Atorvastatin,100mg,2025-05-19,2025-05-20
33,14,Amlodipine,100mg,2025-06-21,2025-06-22
34,15,Furosemide,300mg,2025-01-28,2025-01-30
35,15,Furosemide,300mg,2025-01-28,2025-01-30
36,16,Omeprazole,300mg,2025-03-19,2025-03-21
37,16,Omeprazole,200mg,2025-03-19,2025-03-20
38,17,Metoprolol,200mg,2025-01-28,2025-02-03
39,18,Omeprazole,100mg,2025-07-26,2025-07-30
40,18,Levothyroxine,100mg,2025-07-26,2025-08-03
41,19,Atorvastatin,100mg,2025-04-29,2025-05-07
42,19,Omeprazole,200mg,2025-04-29,2025-05-04
43,20,Furosemide,200mg,2025-06-02,2025-06-14
44,21,Lisinopril,100mg,2025-05-23,2025-05-28
45,22,Metoprolol,200mg,2025-06-27,2025-06-30
46,22,Metoprolol,200mg,2025-06-27,2025-06-30
47,22,Losartan,200mg,2025-06-27,2025-06-30
48,23,Atorvastatin,100mg,2025-03-01,2025-03-02
49,23,Losartan,300mg,2025-03-01,2025-03-03
50,23,Amlodipine,100mg,2025-03-01,2025-03-03
51,24,Metoprolol,200mg,2025-03-17,2025-03-19
52,25,Amlodipine,200mg,2025-01-14,2025-01-19
53,26,Lisinopril,200mg,2025-04-23,2025-04-24
54,26,Losartan,300mg,2025-04-23,2025-04-24
55,27,Lisinopril,100mg,2025-06-25,2025-06-26
56,27,Metoprolol,300mg,2025-06-25,2025-06-26
57,28,Amlodipine,200mg,2025-07-22,2025-07-29
58,28,Amlodipine,100mg,2025-07-22,2025-08-01
59,29,Furosemide,300mg,2025-07-09,2025-07-10
60,30,Metformin,200mg,2025-02-10,2025-02-11
61,30,Levothyroxine,100mg,2025-02-10,2025-02-11
62,31,Atorvastatin,100mg,2025-03-01,2025-03-04
63,32,Losartan,200mg,2025-01-16,2025-01-19
64,33,Simvastatin,300mg,2025-04-14,2025-04-17
65,34,Levothyroxine,100mg,2025-01-07,2025-01-08
66,34,Losartan,200mg,2025-01-07,2025-01-09
67,34,Atorvastatin,300mg,2025-01-07,2025-01-09
68,35,Lisinopril,200mg,2025-01-24,2025-01-27
69,35,Simvastatin,200mg,2025-01-24,2025-02-01
70,35,Simvastatin,200mg,2025-01-24,2025-01-25
71,36,Metformin,200mg,2025-03-22,2025-03-27
72,36,Simvastatin,100mg,2025-03-22,2025-03-23
73,36,Metoprolol,300mg,2025-03-22,2025-03-25
74,37,Metoprolol,200mg,2025-05-08,2025-05-11
75,37,Losartan,100mg,2025-05-08,2025-05-16
76,38,Metoprolol,100mg,2025-06-11,2025-06-18
77,39,Levothyroxine,200mg,2025-01-30,2025-02-06
78,39,Losartan,200mg,2025-01-30,2025-02-03
79,39,Metoprolol,200mg,2025-01-30,2025-02-02
80,40,Omeprazole,200mg,2025-06-03,2025-06-12
81,40,Metformin,300mg,2025-06-03,2025-06-08
82,41,Losartan,200mg,2025-05-31,2025-06-06
83,41,Metoprolol,200mg,2025-05-31,2025-06-09
84,41,Losartan,100mg,2025-05-31,2025-06-06
85,42,Omeprazole,300mg,2025-03-03,2025-03-11
86,43,Amlodipine,100mg,2025-04-09,2025-04-15
87,43,Losartan,300mg,2025-04-09,2025-04-11
88,43,Losartan,300mg,2025-04-09,2025-04-10
89,44,Omeprazole,300mg,2025-04-15,2025-04-25
90,44,Simvastatin,100mg,2025-04-15,2025-04-26
91,45,Amlodipine,100mg,2025-06-22,2025-06-24
92,46,Lisinopril,100mg,2025-06-25,2025-06-29
93,46,Levothyroxine,100mg,2025-06-25,2025-06-26
94,46,Omeprazole,200mg,2025-06-25,2025-06-26
95,47,Amlodipine,100mg,2025-04-06,2025-04-12
96,47,Atorvastatin,100mg,2025-04-06,2025-04-08
97,48,Losartan,200mg,2025-04-08,2025-04-13
98,49,Losartan,300mg,2025-06-20,2025-06-21
99,50,Losartan,100mg,2025-06-13,2025-06-14
100,50,Simvastatin,200mg,2025-06-13,2025-06-18
101,51,Metformin,300mg,2025-03-17,2025-03-27
102,51,Metformin,300mg,2025-03-17,2025-03-27
103,52,Levothyroxine,300mg,2025-03-15,2025-03-26
104,52,Atorvastatin,100mg,2025-03-15,2025-03-26
105,52,Metformin,200mg,2025-03-15,2025-03-20
106,53,Simvastatin,100mg,2025-05-29,2025-05-31
107,53,Atorvastatin,200mg,2025-05-29,2025-06-03
108,54,Omeprazole,200mg,2025-05-09,2025-05-10
109,54,Lisinopril,100mg,2025-05-09,2025-05-11
110,54,Simvastatin,200mg,2025-05-09,2025-05-14
111,55,Omeprazole,300mg,2025-07-22,2025-07-28
112,55,Levothyroxine,200mg,2025-07-22,2025-07-27
113,56,Omeprazole,300mg,2025-04-06,2025-04-07
114,56,Lisinopril,300mg,2025-04-06,2025-04-08
115,56,Levothyroxine,100mg,2025-04-06,2025-04-08
116,57,Metoprolol,200mg,2025-01-12,2025-01-13
117,58,Amlodipine,200mg,2025-04-05,2025-04-12
118,58,Metformin,100mg,2025-04-05,2025-04-11
119,59,Omeprazole,200mg,2025-04-24,2025-04-25
120,59,Levothyroxine,100mg,2025-04-24,2025-04-26
121,59,Losartan,300mg,2025-04-24,2025-04-25
122,60,Atorvastatin,100mg,2025-06-14,2025-06-24
123,61,Amlodipine,200mg,2025-07-15,2025-07-16
124,62,Metformin,100mg,2025-02-03,2025-02-06
125,62,Omeprazole,300mg,2025-02-03,2025-02-07
126,62,Omeprazole,100mg,2025-02-03,2025-02-04
127,63,Omeprazole,300mg,2025-01-14,2025-01-17
128,63,Lisinopril,300mg,2025-01-14,2025-01-16
129,64,Simvastatin,300mg,2025-06-07,2025-06-08
130,64,Lisinopril,300mg,2025-06-07,2025-06-08
131,65,Amlodipine,200mg,2025-01-19,2025-01-21
132,65,Amlodipine,200mg,2025-01-19,2025-01-21
133,66,Losartan,200mg,2025-06-04,2025-06-06
134,66,Omeprazole,200mg,2025-06-04,2025-06-11
135,67,Levothyroxine,100mg,2025-04-17,2025-04-23
136,67,Losartan,100mg,2025-04-17,2025-04-19
137,67,Lisinopril,200mg,2025-04-17,2025-04-19
138,68,Amlodipine,300mg,2025-07-10,2025-07-19
139,69,Amlodipine,200mg,2025-06-21,2025-06-23
140,69,Lisinopril,100mg,2025-06-21,2025-06-22
141,70,Levothyroxine,200mg,2025-05-04,2025-05-06
142,71,Levothyroxine,200mg,2025-07-16,2025-07-22
143,71,Metformin,100mg,2025-07-16,2025-07-19
144,72,Metoprolol,200mg,2025-06-18,2025-06-20
145,73,Amlodipine,100mg,2025-04-27,2025-04-28
146,73,Atorvastatin,300mg,2025-04-27,2025-04-29
147,73,Metformin,100mg,2025-04-27,2025-05-03
148,74,Levothyroxine,300mg,2025-04-24,2025-04-28
149,74,Lisinopril,200mg,2025-04-24,2025-04-30
150,75,Amlodipine,100mg,2025-03-14,2025-03-15
151,75,Furosemide,100mg,2025-03-14,2025-03-19
152,76,Losartan,200mg,2025-02-05,2025-02-17
153,77,Metformin,100mg,2025-02-03,2025-02-07
154,77,Losartan,200mg,2025-02-03,2025-02-04
155,78,Metformin,100mg,2025-04-20,2025-04-26
156,78,Amlodipine,300mg,2025-04-20,2025-04-28
157,79,Simvastatin,100mg,2025-01-23,2025-01-28
158,79,Simvastatin,200mg,2025-01-23,2025-01-30
159,79,Omeprazole,200mg,2025-01-23,2025-01-25
160,80,Atorvastatin,100mg,2025-02-13,2025-02-14
161,80,Atorvastatin,100mg,2025-02-13,2025-02-15
162,81,Amlodipine,200mg,2025-06-04,2025-06-07
163,81,Amlodipine,300mg,2025-06-04,2025-06-07
164,82,Losartan,300mg,2025-03-24,2025-04-01
165,83,Losartan,100mg,2025-07-23,2025-07-27
166,83,Metformin,200mg,2025-07-23,2025-07-26
167,84,Amlodipine,300mg,2025-06-15,2025-06-24
168,84,Metformin,300mg,2025-06-15,2025-06-23
169,85,Omeprazole,100mg,2025-02-18,2025-02-24
170,86,Metoprolol,300mg,2025-06-15,2025-06-18
171,86,Atorvastatin,200mg,2025-06-15,2025-06-17
172,87,Omeprazole,300mg,2025-04-10,2025-04-11
173,88,Amlodipine,200mg,2025-04-09,2025-04-11
174,89,Lisinopril,300mg,2025-06-17,2025-06-22
175,89,Simvastatin,200mg,2025-06-17,2025-06-28
176,89,Atorvastatin,300mg,2025-06-17,2025-06-28
177,90,Omeprazole,100mg,2025-06-25,2025-06-30
178,91,Atorvastatin,200mg,2025-03-29,2025-03-31
179,92,Simvastatin,100mg,2025-05-10,2025-05-13
180,92,Atorvastatin,300mg,2025-05-10,2025-05-22
181,92,Atorvastatin,200mg,2025-05-10,2025-05-22
182,93,Losartan,300mg,2025-04-16,2025-04-18
183,93,Furosemide,200mg,2025-04-16,2025-04-19
184,93,Furosemide,300mg,2025-04-16,2025-04-19
185,94,Atorvastatin,300mg,2025-04-23,2025-04-27
186,94,Atorvastatin,100mg,2025-04-23,2025-04-28
187,95,Lisinopril,100mg,2025-05-04,2025-05-17
188,95,Levothyroxine,300mg,2025-05-04,2025-05-12
189,96,Metformin,300mg,2025-04-22,2025-04-24
190,96,Omeprazole,200mg,2025-04-22,2025-04-23
191,97,Atorvastatin,200mg,2025-04-06,2025-04-07
192,98,Lisinopril,200mg,2025-06-28,2025-06-29
193,99,Levothyroxine,100mg,2025-02-08,2025-02-10
194,100,Amlodipine,100mg,2025-04-18,2025-04-27
195,100,Metoprolol,100mg,2025-04-18,2025-04-28
196,101,Furosemide,200mg,2025-02-06,2025-02-11
197,101,Atorvastatin,300mg,2025-02-06,2025-02-07
198,102,Simvastatin,200mg,2025-01-18,2025-01-24
199,102,Metformin,100mg,2025-01-18,2025-01-24
200,102,Omeprazole,300mg,2025-01-18,2025-01-22
201,103,Metoprolol,300mg,2025-06-10,2025-06-12
202,103,Atorvastatin,300mg,2025-06-10,2025-06-12
203,104,Levothyroxine,100mg,2025-06-11,2025-06-12
204,105,Metformin,100mg,2025-01-11,2025-01-17
205,105,Levothyroxine,100mg,2025-01-11,2025-01-14
206,106,Losartan,200mg,2025-03-26,2025-03-30
207,106,Atorvastatin,300mg,2025-03-26,2025-03-30
208,106,Losartan,300mg,2025-03-26,2025-03-29
209,107,Atorvastatin,200mg,2025-07-25,2025-07-27
210,107,Lisinopril,200mg,2025-07-25,2025-07-26
211,107,Levothyroxine,200mg,2025-07-25,2025-07-27
212,108,Omeprazole,200mg,2025-07-03,2025-07-08
213,109,Metoprolol,300mg,2025-06-13,2025-06-26
214,109,Atorvastatin,100mg,2025-06-13,2025-06-14
215,110,Furosemide,300mg,2025-06-23,2025-07-06
216,111,Losartan,100mg,2025-04-03,2025-04-10
217,111,Amlodipine,300mg,2025-04-03,2025-04-05
218,112,Atorvastatin,300mg,2025-04-12,2025-04-16
219,113,Levothyroxine,100mg,2025-05-24,2025-05-26
220,113,Lisinopril,100mg,2025-05-24,2025-05-25
221,113,Losartan,300mg,2025-05-24,2025-05-25
222,114,Levothyroxine,100mg,2025-01-23,2025-01-28
223,114,Atorvastatin,200mg,2025-01-23,2025-02-05
224,114,Metoprolol,100mg,2025-01-23,2025-01-27
225,115,Amlodipine,200mg,2025-07-22,2025-07-24
226,115,Metoprolol,300mg,2025-07-22,2025-07-23
227,115,Lisinopril,200mg,2025-07-22,2025-07-23
228,116,Atorvastatin,300mg,2025-07-03,2025-07-09
229,117,Amlodipine,100mg,2025-04-26,2025-04-29
230,117,Simvastatin,100mg,2025-04-26,2025-04-27
231,117,Metoprolol,200mg,2025-04-26,2025-04-29
232,118,Levothyroxine,300mg,2025-02-11,2025-02-13
233,119,Atorvastatin,300mg,2025-03-12,2025-03-15
234,119,Atorvastatin,300mg,2025-03-12,2025-03-13
235,119,Amlodipine,300mg,2025-03-12,2025-03-15
236,120,Amlodipine,300mg,2025-05-25,2025-05-26
237,120,Furosemide,300mg,2025-05-25,2025-05-26
238,120,Metformin,300mg,2025-05-25,2025-05-26
239,121,Losartan,300mg,2025-03-16,2025-03-18
240,121,Metformin,200mg,2025-03-16,2025-03-19
241,122,Omeprazole,200mg,2025-05-04,2025-05-10
242,122,Atorvastatin,300mg,2025-05-04,2025-05-10
243,123,Furosemide,100mg,2025-01-28,2025-01-30
244,123,Metformin,200mg,2025-01-28,2025-01-31
245,124,Atorvastatin,300mg,2025-04-18,2025-04-22
246,125,Metoprolol,100mg,2025-05-08,2025-05-12
247,125,Furosemide,200mg,2025-05-08,2025-05-13
248,126,Lisinopril,100mg,2025-01-13,2025-01-17
249,127,Amlodipine,100mg,2025-07-06,2025-07-11
250,128,Levothyroxine,300mg,2025-05-22,2025-05-27
251,128,Amlodipine,100mg,2025-05-22,2025-05-23
252,128,Lisinopril,200mg,2025-05-22,2025-05-26
253,129,Simvastatin,100mg,2025-05-23,2025-05-28
254,129,Metformin,100mg,2025-05-23,2025-05-24
255,129,Omeprazole,300mg,2025-05-23,2025-05-27
256,130,Simvastatin,300mg,2025-02-08,2025-02-18
257,131,Omeprazole,300mg,2025-06-01,2025-06-04
258,132,Amlodipine,100mg,2025-04-17,2025-04-27
259,132,Metformin,200mg,2025-04-17,2025-04-27
260,133,Amlodipine,100mg,2025-05-15,2025-05-17
261,134,Furosemide,300mg,2025-04-23,2025-04-27
262,134,Amlodipine,300mg,2025-04-23,2025-04-27
263,134,Metformin,100mg,2025-04-23,2025-04-29
264,135,Atorvastatin,300mg,2025-02-23,2025-03-03
265,135,Omeprazole,200mg,2025-02-23,2025-03-04
266,136,Metoprolol,100mg,2025-07-17,2025-07-22
267,136,Levothyroxine,200mg,2025-07-17,2025-07-30
268,137,Levothyroxine,100mg,2025-02-23,2025-02-28
269,137,Amlodipine,300mg,2025-02-23,2025-03-06
270,137,Simvastatin,200mg,2025-02-23,2025-03-02
271,138,Lisinopril,200mg,2025-07-25,2025-07-27
272,138,Levothyroxine,200mg,2025-07-25,2025-07-28
273,138,Furosemide,300mg,2025-07-25,2025-07-26
274,139,Amlodipine,100mg,2025-05-24,2025-05-28
275,139,Metformin,300mg,2025-05-24,2025-06-04
276,139,Furosemide,100mg,2025-05-24,2025-06-04
277,140,Metoprolol,200mg,2025-01-26,2025-01-28
278,141,Metformin,300mg,2025-05-02,2025-05-04
279,141,Amlodipine,300mg,2025-05-02,2025-05-06
280,141,Metformin,200mg,2025-05-02,2025-05-05
281,142,Metformin,300mg,2025-01-10,2025-01-15
282,143,Atorvastatin,200mg,2025-01-28,2025-02-02
283,143,Levothyroxine,100mg,2025-01-28,2025-01-30
284,144,Omeprazole,300mg,2025-02-11,2025-02-16
285,144,Furosemide,300mg,2025-02-11,2025-02-14
286,144,Simvastatin,300mg,2025-02-11,2025-02-18
287,145,Omeprazole,100mg,2025-01-23,2025-01-25
288,145,Levothyroxine,100mg,2025-01-23,2025-01-27
289,146,Levothyroxine,300mg,2025-07-12,2025-07-15
290,147,Metoprolol,300mg,2025-01-16,2025-01-21
291,147,Lisinopril,200mg,2025-01-16,2025-01-27
292,148,Losartan,200mg,2025-06-07,2025-06-10
293,149,Metoprolol,300mg,2025-05-21,2025-05-29
294,150,Furosemide,100mg,2025-04-03,2025-04-04
295,150,Omeprazole,100mg,2025-04-03,2025-04-05
296,150,Furosemide,100mg,2025-04-03,2025-04-05
297,151,Losartan,100mg,2025-04-25,2025-05-05
298,151,Metoprolol,300mg,2025-04-25,2025-05-03
299,152,Lisinopril,200mg,2025-07-05,2025-07-06
300,152,Omeprazole,300mg,2025-07-05,2025-07-06
301,152,Metformin,200mg,2025-07-05,2025-07-06
302,153,Simvastatin,200mg,2025-03-15,2025-03-19
303,153,Simvastatin,300mg,2025-03-15,2025-03-16
304,154,Simvastatin,100mg,2025-05-19,2025-05-22
305,154,Furosemide,100mg,2025-05-19,2025-05-20
306,154,Levothyroxine,300mg,2025-05-19,2025-05-21
307,155,Omeprazole,200mg,2025-05-20,2025-05-22
308,155,Furosemide,100mg,2025-05-20,2025-05-26
309,156,Lisinopril,100mg,2025-07-27,2025-08-06
310,157,Losartan,300mg,2025-06-03,2025-06-07
311,157,Furosemide,100mg,2025-06-03,2025-06-04
312,158,Atorvastatin,200mg,2025-03-16,2025-03-18
313,158,Levothyroxine,100mg,2025-03-16,2025-03-19
314,159,Omeprazole,300mg,2025-06-01,2025-06-12
315,160,Simvastatin,300mg,2025-07-21,2025-07-24
316,160,Losartan,100mg,2025-07-21,2025-07-25
317,161,Simvastatin,300mg,2025-07-01,2025-07-04
318,161,Atorvastatin,100mg,2025-07-01,2025-07-03
319,162,Furosemide,200mg,2025-02-22,2025-02-23
320,162,Simvastatin,300mg,2025-02-22,2025-02-28
321,162,Amlodipine,100mg,2025-02-22,2025-02-23
322,163,Metformin,100mg,2025-07-25,2025-07-29
323,163,Lisinopril,200mg,2025-07-25,2025-08-06
324,164,Levothyroxine,200mg,2025-06-28,2025-07-05
325,164,Metoprolol,200mg,2025-06-28,2025-07-04
326,165,Furosemide,200mg,2025-04-03,2025-04-09
327,165,Simvastatin,300mg,2025-04-03,2025-04-04
328,166,Simvastatin,100mg,2025-07-09,2025-07-11
329,166,Furosemide,100mg,2025-07-09,2025-07-11
330,166,Simvastatin,100mg,2025-07-09,2025-07-12
331,167,Atorvastatin,100mg,2025-05-21,2025-05-27
332,167,Atorvastatin,200mg,2025-05-21,2025-05-30
333,168,Simvastatin,300mg,2025-05-19,2025-05-22
334,169,Losartan,100mg,2025-01-18,2025-01-24
335,169,Amlodipine,300mg,2025-01-18,2025-01-29
336,169,Amlodipine,300mg,2025-01-18,2025-01-26
337,170,Levothyroxine,100mg,2025-01-05,2025-01-06
338,170,Metoprolol,100mg,2025-01-05,2025-01-06
339,170,Lisinopril,300mg,2025-01-05,2025-01-06
340,171,Omeprazole,200mg,2025-03-03,2025-03-07
341,172,Simvastatin,200mg,2025-03-04,2025-03-11
342,173,Omeprazole,300mg,2025-05-02,2025-05-03
343,173,Metformin,100mg,2025-05-02,2025-05-03
344,174,Levothyroxine,100mg,2025-05-26,2025-05-27
345,174,Omeprazole,100mg,2025-05-26,2025-05-27
346,174,Amlodipine,300mg,2025-05-26,2025-05-29
347,175,Metoprolol,200mg,2025-01-20,2025-01-23
348,175,Atorvastatin,300mg,2025-01-20,2025-01-21
349,175,Omeprazole,100mg,2025-01-20,2025-01-21
350,176,Simvastatin,200mg,2025-03-01,2025-03-14
351,176,Metformin,200mg,2025-03-01,2025-03-12
352,176,Losartan,100mg,2025-03-01,2025-03-09
353,177,Simvastatin,300mg,2025-05-22,2025-05-23
354,177,Levothyroxine,100mg,2025-05-22,2025-05-29
355,177,Lisinopril,200mg,2025-05-22,2025-05-23
356,178,Lisinopril,200mg,2025-04-08,2025-04-09
357,179,Atorvastatin,200mg,2025-04-03,2025-04-10
358,180,Omeprazole,100mg,2025-05-23,2025-06-01
359,181,Simvastatin,100mg,2025-06-03,2025-06-16
360,181,Metoprolol,300mg,2025-06-03,2025-06-07
361,182,Levothyroxine,200mg,2025-02-13,2025-02-18
362,182,Atorvastatin,100mg,2025-02-13,2025-02-15
363,183,Furosemide,300mg,2025-03-12,2025-03-18
364,183,Losartan,300mg,2025-03-12,2025-03-17
365,184,Amlodipine,200mg,2025-04-28,2025-04-30
366,184,Losartan,200mg,2025-04-28,2025-04-30
367,185,Omeprazole,200mg,2025-06-02,2025-06-03
368,185,Omeprazole,300mg,2025-06-02,2025-06-04
369,186,Omeprazole,300mg,2025-06-12,2025-06-14
370,186,Furosemide,300mg,2025-06-12,2025-06-15
371,187,Lisinopril,300mg,2025-05-21,2025-05-22
372,187,Losartan,300mg,2025-05-21,2025-05-22
373,187,Levothyroxine,200mg,2025-05-21,2025-05-22
374,188,Losartan,200mg,2025-02-09,2025-02-19
375,188,Metoprolol,300mg,2025-02-09,2025-02-18
376,188,Simvastatin,100mg,2025-02-09,2025-02-18
377,189,Omeprazole,300mg,2025-06-29,2025-07-02
378,189,Amlodipine,300mg,2025-06-29,2025-06-30
379,189,Simvastatin,200mg,2025-06-29,2025-07-12
380,190,Metoprolol,200mg,2025-01-28,2025-01-29
381,190,Omeprazole,200mg,2025-01-28,2025-01-29
382,190,Amlodipine,200mg,2025-01-28,2025-01-29
383,191,Atorvastatin,200mg,2025-05-04,2025-05-06
384,191,Omeprazole,100mg,2025-05-04,2025-05-06
385,191,Metoprolol,200mg,2025-05-04,2025-05-06
386,192,Lisinopril,200mg,2025-01-25,2025-01-26
387,193,Atorvastatin,300mg,2025-01-28,2025-02-03
388,193,Simvastatin,100mg,2025-01-28,2025-02-05
389,193,Simvastatin,100mg,2025-01-28,2025-02-08
390,194,Losartan,200mg,2025-06-13,2025-06-23
391,195,Lisinopril,100mg,2025-01-02,2025-01-12
392,195,Metoprolol,200mg,2025-01-02,2025-01-05
393,195,Omeprazole,200mg,2025-01-02,2025-01-06
394,196,Simvastatin,100mg,2025-03-09,2025-03-19
395,196,Omeprazole,200mg,2025-03-09,2025-03-15
396,196,Amlodipine,300mg,2025-03-09,2025-03-12
397,197,Levothyroxine,100mg,2025-07-24,2025-07-25
398,198,Simvastatin,100mg,2025-06-27,2025-06-29
399,198,Losartan,300mg,2025-06-27,2025-06-30
400,198,Atorvastatin,100mg,2025-06-27,2025-06-30
401,199,Omeprazole,200mg,2025-03-15,2025-03-16
402,200,Losartan,300mg,2025-02-19,2025-02-26
403,200,Losartan,100mg,2025-02-19,2025-02-27
404,200,Lisinopril,100mg,2025-02-19,2025-03-01
405,201,Atorvastatin,300mg,2025-02-26,2025-03-02
406,201,Losartan,300mg,2025-02-26,2025-03-03
407,202,Losartan,200mg,2025-05-27,2025-05-28
408,202,Lisinopril,200mg,2025-05-27,2025-05-28
409,202,Metformin,200mg,2025-05-27,2025-05-29
410,203,Amlodipine,300mg,2025-07-29,2025-07-31
411,204,Amlodipine,300mg,2025-06-11,2025-06-14
412,205,Levothyroxine,300mg,2025-06-02,2025-06-11
413,205,Lisinopril,200mg,2025-06-02,2025-06-05
414,205,Metformin,300mg,2025-06-02,2025-06-07
415,206,Omeprazole,100mg,2025-06-29,2025-07-13
416,206,Simvastatin,100mg,2025-06-29,2025-07-07
417,206,Amlodipine,200mg,2025-06-29,2025-07-10
418,207,Metoprolol,200mg,2025-04-17,2025-04-23
419,207,Omeprazole,200mg,2025-04-17,2025-04-21
420,208,Simvastatin,200mg,2025-05-29,2025-05-30
421,208,Furosemide,200mg,2025-05-29,2025-05-30
422,208,Omeprazole,200mg,2025-05-29,2025-05-30
423,209,Losartan,100mg,2025-05-28,2025-05-29
424,210,Levothyroxine,200mg,2025-04-23,2025-04-26
425,210,Lisinopril,200mg,2025-04-23,2025-04-29
426,210,Lisinopril,300mg,2025-04-23,2025-04-29
427,211,Lisinopril,100mg,2025-02-12,2025-02-13
428,211,Furosemide,100mg,2025-02-12,2025-02-13
429,211,Atorvastatin,300mg,2025-02-12,2025-02-13
430,212,Atorvastatin,100mg,2025-04-24,2025-04-25
431,212,Furosemide,100mg,2025-04-24,2025-04-25
432,212,Lisinopril,200mg,2025-04-24,2025-04-25
433,213,Metoprolol,100mg,2025-03-18,2025-03-21
434,214,Amlodipine,200mg,2025-06-16,2025-06-19
435,214,Furosemide,100mg,2025-06-16,2025-06-17
436,215,Furosemide,300mg,2025-07-12,2025-07-14
437,216,Amlodipine,100mg,2025-03-05,2025-03-14
438,216,Simvastatin,300mg,2025-03-05,2025-03-10
439,216,Metformin,200mg,2025-03-05,2025-03-09
440,217,Omeprazole,100mg,2025-01-29,2025-02-01
441,218,Amlodipine,100mg,2025-05-26,2025-05-27
442,219,Metoprolol,200mg,2025-02-25,2025-02-26
443,219,Simvastatin,300mg,2025-02-25,2025-02-26
444,219,Metoprolol,200mg,2025-02-25,2025-02-26
445,220,Simvastatin,200mg,2025-03-21,2025-03-22
446,220,Simvastatin,100mg,2025-03-21,2025-03-22
447,221,Levothyroxine,300mg,2025-01-23,2025-01-29
448,222,Metformin,200mg,2025-07-09,2025-07-10
449,222,Omeprazole,300mg,2025-07-09,2025-07-12
450,222,Levothyroxine,200mg,2025-07-09,2025-07-10
451,223,Levothyroxine,100mg,2025-07-11,2025-07-20
452,223,Levothyroxine,300mg,2025-07-11,2025-07-23
453,224,Atorvastatin,100mg,2025-01-20,2025-01-26
454,224,Levothyroxine,300mg,2025-01-20,2025-01-22
455,224,Lisinopril,300mg,2025-01-20,2025-01-24
456,225,Omeprazole,100mg,2025-01-01,2025-01-02
457,225,Atorvastatin,300mg,2025-01-01,2025-01-02
458,226,Simvastatin,200mg,2025-07-09,2025-07-15
459,227,Metformin,100mg,2025-05-27,2025-05-31
460,227,Losartan,200mg,2025-05-27,2025-05-30
461,227,Omeprazole,300mg,2025-05-27,2025-05-28
462,228,Amlodipine,200mg,2025-01-03,2025-01-05
463,228,Omeprazole,200mg,2025-01-03,2025-01-08
464,228,Furosemide,300mg,2025-01-03,2025-01-09
465,229,Furosemide,300mg,2025-07-23,2025-07-26
466,230,Metoprolol,200mg,2025-01-03,2025-01-05
467,231,Metoprolol,300mg,2025-01-16,2025-01-18
468,232,Simvastatin,300mg,2025-04-28,2025-04-30
469,232,Amlodipine,200mg,2025-04-28,2025-04-29
470,232,Atorvastatin,200mg,2025-04-28,2025-05-02
471,233,Furosemide,100mg,2025-03-22,2025-03-24
472,233,Atorvastatin,300mg,2025-03-22,2025-04-04
473,234,Lisinopril,100mg,2025-02-09,2025-02-11
474,234,Losartan,200mg,2025-02-09,2025-02-11
475,235,Omeprazole,100mg,2025-01-31,2025-02-01
476,236,Metformin,200mg,2025-03-05,2025-03-09
477,237,Atorvastatin,100mg,2025-07-11,2025-07-13
478,238,Lisinopril,100mg,2025-07-19,2025-07-22
479,238,Metformin,100mg,2025-07-19,2025-07-20
480,239,Metformin,100mg,2025-04-24,2025-05-02
481,240,Simvastatin,200mg,2025-05-27,2025-05-29
482,240,Furosemide,200mg,2025-05-27,2025-05-29
483,240,Levothyroxine,100mg,2025-05-27,2025-05-31
484,241,Losartan,100mg,2025-06-07,2025-06-08
485,241,Levothyroxine,100mg,2025-06-07,2025-06-14
486,241,Simvastatin,300mg,2025-06-07,2025-06-11
487,242,Losartan,300mg,2025-03-05,2025-03-11
488,242,Metoprolol,200mg,2025-03-05,2025-03-11
489,242,Levothyroxine,100mg,2025-03-05,2025-03-08
490,243,Omeprazole,100mg,2025-06-02,2025-06-04
491,243,Lisinopril,300mg,2025-06-02,2025-06-04
492,243,Furosemide,300mg,2025-06-02,2025-06-05
493,244,Furosemide,200mg,2025-01-15,2025-01-25
494,245,Amlodipine,200mg,2025-06-28,2025-06-30
495,246,Furosemide,100mg,2025-03-21,2025-03-24
496,247,Omeprazole,200mg,2025-05-15,2025-05-18
497,248,Lisinopril,300mg,2025-01-06,2025-01-08
498,248,Simvastatin,100mg,2025-01-06,2025-01-09
499,249,Losartan,200mg,2025-03-19,2025-03-25
500,249,Atorvastatin,300mg,2025-03-19,2025-03-25
501,249,Amlodipine,100mg,2025-03-19,2025-03-22
502,250,Atorvastatin,100mg,2025-05-31,2025-06-12
503,251,Amlodipine,300mg,2025-05-27,2025-05-29
504,251,Amlodipine,200mg,2025-05-27,2025-05-28
505,252,Atorvastatin,100mg,2025-03-26,2025-04-06
506,252,Omeprazole,100mg,2025-03-26,2025-04-03
507,253,Metformin,200mg,2025-02-23,2025-02-24
508,253,Losartan,100mg,2025-02-23,2025-02-27
509,253,Simvastatin,200mg,2025-02-23,2025-02-27
510,254,Losartan,100mg,2025-05-20,2025-05-21
511,255,Atorvastatin,100mg,2025-01-06,2025-01-10
512,255,Lisinopril,100mg,2025-01-06,2025-01-11
513,256,Simvastatin,100mg,2025-06-02,2025-06-05
514,256,Lisinopril,100mg,2025-06-02,2025-06-08
515,256,Furosemide,300mg,2025-06-02,2025-06-09
516,257,Metformin,300mg,2025-07-04,2025-07-11
517,258,Levothyroxine,300mg,2025-05-06,2025-05-09
518,259,Levothyroxine,200mg,2025-05-03,2025-05-04
519,260,Metoprolol,100mg,2025-03-20,2025-03-27
520,261,Losartan,100mg,2025-04-08,2025-04-11
521,261,Levothyroxine,100mg,2025-04-08,2025-04-13
522,262,Simvastatin,100mg,2025-07-12,2025-07-22
523,262,Metoprolol,200mg,2025-07-12,2025-07-13
524,262,Metoprolol,300mg,2025-07-12,2025-07-19
525,263,Metformin,300mg,2025-05-02,2025-05-11
526,263,Metoprolol,300mg,2025-05-02,2025-05-12
527,264,Furosemide,100mg,2025-02-07,2025-02-08
528,265,Levothyroxine,300mg,2025-01-21,2025-01-27
529,265,Lisinopril,200mg,2025-01-21,2025-01-23
530,265,Metoprolol,300mg,2025-01-21,2025-01-28
531,266,Metoprolol,100mg,2025-03-12,2025-03-19
532,266,Simvastatin,100mg,2025-03-12,2025-03-15
533,266,Amlodipine,100mg,2025-03-12,2025-03-14
534,267,Losartan,100mg,2025-07-19,2025-07-21
535,267,Atorvastatin,200mg,2025-07-19,2025-07-21
536,268,Furosemide,300mg,2025-06-08,2025-06-09
537,268,Losartan,200mg,2025-06-08,2025-06-13
538,269,Lisinopril,100mg,2025-03-28,2025-04-11
539,269,Atorvastatin,300mg,2025-03-28,2025-04-02
540,269,Losartan,200mg,2025-03-28,2025-04-10
541,270,Simvastatin,200mg,2025-07-06,2025-07-12
542,271,Lisinopril,300mg,2025-05-13,2025-05-18
543,272,Metformin,100mg,2025-04-14,2025-04-15
544,273,Simvastatin,100mg,2025-01-13,2025-01-19
545,273,Metformin,200mg,2025-01-13,2025-01-15
546,273,Losartan,200mg,2025-01-13,2025-01-18
547,274,Lisinopril,100mg,2025-05-02,2025-05-07
548,274,Simvastatin,100mg,2025-05-02,2025-05-03
549,274,Amlodipine,100mg,2025-05-02,2025-05-06
550,275,Metformin,100mg,2025-02-27,2025-03-07
551,276,Levothyroxine,200mg,2025-02-14,2025-02-19
552,276,Simvastatin,200mg,2025-02-14,2025-02-20
553,276,Levothyroxine,200mg,2025-02-14,2025-02-18
554,277,Omeprazole,300mg,2025-06-23,2025-07-02
555,277,Amlodipine,200mg,2025-06-23,2025-06-28
556,277,Lisinopril,100mg,2025-06-23,2025-07-01
557,278,Atorvastatin,100mg,2025-03-12,2025-03-21
558,279,Losartan,200mg,2025-07-26,2025-07-31
559,279,Simvastatin,200mg,2025-07-26,2025-08-02
560,279,Metformin,300mg,2025-07-26,2025-08-05
561,280,Omeprazole,100mg,2025-07-28,2025-07-31
562,280,Metoprolol,200mg,2025-07-28,2025-07-30
563,280,Lisinopril,100mg,2025-07-28,2025-08-01
564,281,Furosemide,200mg,2025-03-08,2025-03-20
565,281,Simvastatin,200mg,2025-03-08,2025-03-14
566,282,Amlodipine,300mg,2025-05-30,2025-06-04
567,283,Metformin,100mg,2025-05-01,2025-05-03
568,283,Furosemide,200mg,2025-05-01,2025-05-04
569,284,Atorvastatin,300mg,2025-04-28,2025-04-30
570,284,Metformin,200mg,2025-04-28,2025-04-29
571,285,Amlodipine,300mg,2025-02-23,2025-03-02
572,286,Furosemide,200mg,2025-04-14,2025-04-20
573,286,Metformin,300mg,2025-04-14,2025-04-17
574,286,Furosemide,300mg,2025-04-14,2025-04-15
575,287,Atorvastatin,200mg,2025-06-10,2025-06-12
576,287,Metoprolol,200mg,2025-06-10,2025-06-20
577,288,Metoprolol,300mg,2025-01-17,2025-01-27
578,288,Omeprazole,300mg,2025-01-17,2025-01-24
579,288,Atorvastatin,200mg,2025-01-17,2025-01-23
580,289,Atorvastatin,300mg,2025-07-12,2025-07-14
581,290,Metformin,300mg,2025-05-31,2025-06-07
582,290,Levothyroxine,300mg,2025-05-31,2025-06-09
583,290,Metformin,300mg,2025-05-31,2025-06-01
584,291,Losartan,100mg,2025-06-17,2025-06-24
585,291,Metoprolol,200mg,2025-06-17,2025-06-22
586,292,Metoprolol,300mg,2025-02-09,2025-02-12
587,292,Amlodipine,200mg,2025-02-09,2025-02-11
588,292,Lisinopril,200mg,2025-02-09,2025-02-10
589,293,Levothyroxine,200mg,2025-07-20,2025-07-21
590,294,Furosemide,200mg,2025-04-15,2025-04-19
591,294,Furosemide,100mg,2025-04-15,2025-04-16
592,295,Lisinopril,200mg,2025-01-23,2025-01-24
593,295,Furosemide,200mg,2025-01-23,2025-01-25
594,295,Levothyroxine,100mg,2025-01-23,2025-01-25
595,296,Lisinopril,100mg,2025-07-28,2025-07-29
596,296,Metformin,300mg,2025-07-28,2025-07-29
597,297,Lisinopril,200mg,2025-02-13,2025-02-16
598,297,Atorvastatin,200mg,2025-02-13,2025-02-14
599,297,Simvastatin,200mg,2025-02-13,2025-02-17
600,298,Metformin,100mg,2025-06-26,2025-07-10
601,299,Omeprazole,100mg,2025-04-17,2025-04-27
602,299,Atorvastatin,200mg,2025-04-17,2025-04-25
603,300,Omeprazole,300mg,2025-04-16,2025-04-17
604,300,Metoprolol,300mg,2025-04-16,2025-04-20
605,300,Omeprazole,200mg,2025-04-16,2025-04-18
606,301,Amlodipine,100mg,2025-07-06,2025-07-07
607,301,Atorvastatin,200mg,2025-07-06,2025-07-10
608,301,Atorvastatin,200mg,2025-07-06,2025-07-07
609,302,Metoprolol,200mg,2025-03-03,2025-03-09
610,303,Lisinopril,200mg,2025-07-29,2025-08-02
611,303,Omeprazole,200mg,2025-07-29,2025-07-30
612,304,Metoprolol,100mg,2025-06-17,2025-06-18
613,304,Amlodipine,300mg,2025-06-17,2025-06-18
614,304,Metoprolol,300mg,2025-06-17,2025-06-18
615,305,Omeprazole,300mg,2025-04-27,2025-05-02
616,305,Amlodipine,300mg,2025-04-27,2025-05-01
617,306,Furosemide,200mg,2025-04-04,2025-04-05
618,306,Omeprazole,200mg,2025-04-04,2025-04-15
619,306,Metoprolol,200mg,2025-04-04,2025-04-13
620,307,Levothyroxine,100mg,2025-01-28,2025-01-29
621,308,Simvastatin,300mg,2025-04-11,2025-04-12
622,309,Losartan,300mg,2025-05-31,2025-06-01
623,310,Amlodipine,300mg,2025-01-13,2025-01-16
624,310,Atorvastatin,200mg,2025-01-13,2025-01-15
625,310,Amlodipine,300mg,2025-01-13,2025-01-19
626,311,Losartan,100mg,2025-04-18,2025-04-21
627,311,Simvastatin,300mg,2025-04-18,2025-04-28
628,312,Amlodipine,300mg,2025-05-12,2025-05-15
629,313,Metoprolol,300mg,2025-06-22,2025-06-24
630,313,Amlodipine,300mg,2025-06-22,2025-06-25
631,314,Metformin,100mg,2025-06-22,2025-06-29
632,315,Levothyroxine,100mg,2025-06-21,2025-06-22
633,315,Levothyroxine,300mg,2025-06-21,2025-06-22
634,315,Metformin,200mg,2025-06-21,2025-06-22
635,316,Levothyroxine,300mg,2025-06-07,2025-06-19
636,316,Metformin,200mg,2025-06-07,2025-06-14
637,316,Simvastatin,300mg,2025-06-07,2025-06-20
638,317,Furosemide,300mg,2025-05-22,2025-05-23
639,317,Metoprolol,300mg,2025-05-22,2025-05-23
640,318,Metoprolol,200mg,2025-03-17,2025-03-19
641,318,Metformin,200mg,2025-03-17,2025-03-24
642,318,Metoprolol,100mg,2025-03-17,2025-03-22
643,319,Atorvastatin,100mg,2025-05-30,2025-05-31
644,319,Omeprazole,100mg,2025-05-30,2025-06-09
645,320,Lisinopril,300mg,2025-06-10,2025-06-16
646,320,Furosemide,300mg,2025-06-10,2025-06-13
647,321,Lisinopril,100mg,2025-07-21,2025-07-27
648,321,Furosemide,200mg,2025-07-21,2025-07-27
649,322,Furosemide,100mg,2025-03-17,2025-03-19
650,322,Omeprazole,100mg,2025-03-17,2025-03-21
651,323,Metoprolol,200mg,2025-03-07,2025-03-16
652,323,Losartan,200mg,2025-03-07,2025-03-08
653,324,Metoprolol,300mg,2025-02-19,2025-02-20
654,324,Lisinopril,300mg,2025-02-19,2025-02-21
655,324,Furosemide,200mg,2025-02-19,2025-02-25
656,325,Omeprazole,100mg,2025-02-22,2025-02-23
657,325,Lisinopril,100mg,2025-02-22,2025-02-23
658,326,Simvastatin,200mg,2025-05-23,2025-05-25
659,326,Metformin,300mg,2025-05-23,2025-05-25
660,327,Metoprolol,200mg,2025-05-17,2025-05-18
661,327,Levothyroxine,200mg,2025-05-17,2025-05-18
662,328,Furosemide,300mg,2025-04-23,2025-04-25
663,328,Simvastatin,300mg,2025-04-23,2025-04-30
664,328,Levothyroxine,100mg,2025-04-23,2025-04-29
665,329,Atorvastatin,100mg,2025-06-23,2025-06-25
666,329,Metformin,300mg,2025-06-23,2025-07-03
667,329,Simvastatin,300mg,2025-06-23,2025-07-02
668,330,Metoprolol,100mg,2025-03-20,2025-03-22
669,330,Atorvastatin,300mg,2025-03-20,2025-03-22
670,330,Levothyroxine,100mg,2025-03-20,2025-03-22
671,331,Lisinopril,100mg,2025-06-21,2025-06-26
672,331,Furosemide,300mg,2025-06-21,2025-07-03
673,332,Lisinopril,200mg,2025-03-26,2025-03-28
674,332,Losartan,200mg,2025-03-26,2025-03-30
675,332,Amlodipine,200mg,2025-03-26,2025-04-01
676,333,Omeprazole,100mg,2025-05-30,2025-05-31
677,334,Omeprazole,200mg,2025-07-09,2025-07-17
678,334,Losartan,200mg,2025-07-09,2025-07-15
679,334,Losartan,100mg,2025-07-09,2025-07-18
680,335,Levothyroxine,300mg,2025-06-15,2025-06-17
681,336,Metformin,200mg,2025-01-05,2025-01-14
682,337,Levothyroxine,200mg,2025-05-19,2025-05-22
683,337,Metoprolol,200mg,2025-05-19,2025-05-21
684,337,Omeprazole,300mg,2025-05-19,2025-05-20
685,338,Amlodipine,300mg,2025-07-26,2025-08-05
686,339,Furosemide,200mg,2025-07-08,2025-07-10
687,339,Omeprazole,100mg,2025-07-08,2025-07-12
688,340,Metformin,100mg,2025-02-22,2025-02-28
689,341,Atorvastatin,300mg,2025-05-14,2025-05-21
690,341,Simvastatin,300mg,2025-05-14,2025-05-20
691,341,Lisinopril,200mg,2025-05-14,2025-05-23
692,342,Amlodipine,300mg,2025-02-27,2025-02-28
693,342,Atorvastatin,100mg,2025-02-27,2025-03-07
694,343,Atorvastatin,300mg,2025-01-20,2025-01-26
695,344,Losartan,100mg,2025-07-29,2025-07-31
696,344,Amlodipine,300mg,2025-07-29,2025-07-30
697,345,Atorvastatin,300mg,2025-01-06,2025-01-08
698,345,Metoprolol,300mg,2025-01-06,2025-01-07
699,345,Atorvastatin,100mg,2025-01-06,2025-01-07
700,346,Furosemide,300mg,2025-02-16,2025-02-24
701,347,Atorvastatin,300mg,2025-05-04,2025-05-07
702,347,Metoprolol,100mg,2025-05-04,2025-05-06
703,347,Omeprazole,300mg,2025-05-04,2025-05-06
704,348,Furosemide,100mg,2025-01-18,2025-01-22
705,349,Lisinopril,200mg,2025-01-25,2025-01-26
706,349,Atorvastatin,300mg,2025-01-25,2025-01-28
707,349,Metformin,300mg,2025-01-25,2025-01-28
708,350,Furosemide,200mg,2025-05-14,2025-05-21
709,350,Simvastatin,300mg,2025-05-14,2025-05-17
710,351,Furosemide,100mg,2025-07-14,2025-07-28
711,351,Levothyroxine,300mg,2025-07-14,2025-07-24
712,352,Metoprolol,200mg,2025-03-07,2025-03-08
713,353,Simvastatin,300mg,2025-02-22,2025-03-05
714,354,Simvastatin,100mg,2025-03-08,2025-03-21
715,354,Simvastatin,300mg,2025-03-08,2025-03-17
716,354,Losartan,200mg,2025-03-08,2025-03-11
717,355,Simvastatin,300mg,2025-05-23,2025-05-26
718,355,Lisinopril,200mg,2025-05-23,2025-05-27
719,355,Atorvastatin,100mg,2025-05-23,2025-05-25
720,356,Metformin,100mg,2025-04-13,2025-04-26
721,356,Atorvastatin,300mg,2025-04-13,2025-04-21
722,357,Amlodipine,300mg,2025-01-23,2025-01-24
723,358,Losartan,100mg,2025-04-13,2025-04-21
724,358,Furosemide,200mg,2025-04-13,2025-04-22
725,358,Furosemide,300mg,2025-04-13,2025-04-14
726,359,Metformin,100mg,2025-05-13,2025-05-16
727,360,Metoprolol,300mg,2025-07-19,2025-07-20
728,361,Levothyroxine,300mg,2025-01-18,2025-01-19
729,361,Furosemide,200mg,2025-01-18,2025-01-20
730,362,Lisinopril,200mg,2025-01-02,2025-01-07
731,362,Omeprazole,300mg,2025-01-02,2025-01-03
732,362,Levothyroxine,300mg,2025-01-02,2025-01-07
733,363,Losartan,200mg,2025-06-27,2025-06-28
734,363,Lisinopril,100mg,2025-06-27,2025-07-02
735,364,Metoprolol,100mg,2025-06-12,2025-06-21
736,364,Levothyroxine,200mg,2025-06-12,2025-06-16
737,365,Losartan,200mg,2025-04-13,2025-04-19
738,366,Furosemide,100mg,2025-05-27,2025-05-30
739,367,Lisinopril,300mg,2025-02-21,2025-03-04
740,368,Losartan,200mg,2025-06-07,2025-06-08
741,368,Atorvastatin,200mg,2025-06-07,2025-06-08
742,369,Losartan,100mg,2025-07-12,2025-07-21
743,369,Metoprolol,200mg,2025-07-12,2025-07-18
744,370,Omeprazole,100mg,2025-07-18,2025-07-21
745,370,Metformin,100mg,2025-07-18,2025-07-21
746,371,Metoprolol,100mg,2025-05-29,2025-05-31
747,372,Furosemide,300mg,2025-05-01,2025-05-08
748,372,Omeprazole,200mg,2025-05-01,2025-05-07
749,373,Metoprolol,200mg,2025-04-26,2025-04-28
750,374,Losartan,300mg,2025-02-07,2025-02-10
751,374,Metoprolol,300mg,2025-02-07,2025-02-16
752,375,Simvastatin,300mg,2025-07-21,2025-07-23
753,376,Omeprazole,200mg,2025-01-16,2025-01-19
754,376,Omeprazole,200mg,2025-01-16,2025-01-19
755,376,Metformin,100mg,2025-01-16,2025-01-20
756,377,Omeprazole,300mg,2025-06-23,2025-06-29
757,377,Metoprolol,300mg,2025-06-23,2025-07-01
758,378,Omeprazole,300mg,2025-01-21,2025-01-25
759,378,Amlodipine,200mg,2025-01-21,2025-01-26
760,378,Lisinopril,100mg,2025-01-21,2025-01-22
761,379,Simvastatin,200mg,2025-02-28,2025-03-03
762,379,Omeprazole,300mg,2025-02-28,2025-03-06
763,379,Metoprolol,200mg,2025-02-28,2025-03-04
764,380,Levothyroxine,300mg,2025-02-17,2025-03-01
765,380,Lisinopril,100mg,2025-02-17,2025-02-21
766,380,Simvastatin,100mg,2025-02-17,2025-02-19
767,381,Lisinopril,200mg,2025-05-02,2025-05-04
768,381,Amlodipine,100mg,2025-05-02,2025-05-05
769,381,Simvastatin,100mg,2025-05-02,2025-05-07
770,382,Metformin,300mg,2025-07-08,2025-07-09
771,383,Losartan,300mg,2025-03-25,2025-03-28
772,383,Metoprolol,300mg,2025-03-25,2025-03-28
773,383,Amlodipine,300mg,2025-03-25,2025-04-02
774,384,Metoprolol,100mg,2025-06-12,2025-06-16
775,384,Losartan,200mg,2025-06-12,2025-06-17
776,385,Atorvastatin,200mg,2025-03-08,2025-03-10
777,385,Losartan,100mg,2025-03-08,2025-03-11
778,385,Losartan,200mg,2025-03-08,2025-03-10
779,386,Furosemide,300mg,2025-07-16,2025-07-20
780,386,Simvastatin,100mg,2025-07-16,2025-07-20
781,387,Simvastatin,100mg,2025-07-03,2025-07-14
782,388,Furosemide,100mg,2025-07-15,2025-07-17
783,388,Atorvastatin,100mg,2025-07-15,2025-07-20
784,389,Omeprazole,100mg,2025-04-27,2025-04-28
785,390,Atorvastatin,300mg,2025-05-17,2025-05-18
786,390,Metformin,100mg,2025-05-17,2025-05-18
787,391,Omeprazole,300mg,2025-01-04,2025-01-12
788,391,Metformin,100mg,2025-01-04,2025-01-10
789,392,Atorvastatin,200mg,2025-02-07,2025-02-08
790,392,Simvastatin,100mg,2025-02-07,2025-02-08
791,393,Losartan,300mg,2025-07-02,2025-07-03
792,394,Metformin,200mg,2025-02-23,2025-02-25
793,394,Losartan,100mg,2025-02-23,2025-02-28
794,394,Omeprazole,300mg,2025-02-23,2025-02-24
795,395,Amlodipine,200mg,2025-01-29,2025-01-30
796,395,Furosemide,100mg,2025-01-29,2025-01-30
797,396,Furosemide,200mg,2025-07-20,2025-07-23
798,397,Atorvastatin,100mg,2025-06-25,2025-07-04
799,397,Atorvastatin,100mg,2025-06-25,2025-07-03
800,397,Omeprazole,300mg,2025-06-25,2025-07-04
801,398,Atorvastatin,100mg,2025-03-30,2025-04-04
802,398,Losartan,200mg,2025-03-30,2025-04-11
803,399,Metoprolol,200mg,2025-03-17,2025-03-23
804,400,Losartan,200mg,2025-04-30,2025-05-03
805,401,Amlodipine,300mg,2025-04-04,2025-04-10
806,402,Losartan,100mg,2025-03-24,2025-04-02
807,402,Amlodipine,200mg,2025-03-24,2025-03-29
808,402,Simvastatin,200mg,2025-03-24,2025-04-04
809,403,Metformin,100mg,2025-01-25,2025-01-29
810,404,Amlodipine,100mg,2025-02-19,2025-02-21
811,404,Omeprazole,300mg,2025-02-19,2025-02-20
812,404,Lisinopril,100mg,2025-02-19,2025-02-20
813,405,Simvastatin,200mg,2025-05-06,2025-05-20
814,405,Metformin,300mg,2025-05-06,2025-05-20
815,405,Levothyroxine,100mg,2025-05-06,2025-05-15
816,406,Lisinopril,300mg,2025-01-19,2025-01-21
817,406,Furosemide,200mg,2025-01-19,2025-01-28
818,406,Furosemide,300mg,2025-01-19,2025-01-23
819,407,Amlodipine,300mg,2025-03-05,2025-03-11
820,407,Losartan,100mg,2025-03-05,2025-03-12
821,407,Atorvastatin,300mg,2025-03-05,2025-03-08
822,408,Metoprolol,200mg,2025-05-10,2025-05-13
823,408,Simvastatin,200mg,2025-05-10,2025-05-16
824,409,Levothyroxine,200mg,2025-03-24,2025-03-30
825,409,Losartan,100mg,2025-03-24,2025-03-31
826,409,Metformin,300mg,2025-03-24,2025-03-29
827,410,Furosemide,100mg,2025-05-13,2025-05-15
828,411,Atorvastatin,100mg,2025-07-30,2025-08-01
829,411,Losartan,100mg,2025-07-30,2025-08-05
830,411,Atorvastatin,200mg,2025-07-30,2025-08-04
831,412,Amlodipine,300mg,2025-03-05,2025-03-07
832,412,Lisinopril,200mg,2025-03-05,2025-03-08
833,413,Lisinopril,100mg,2025-05-05,2025-05-18
834,413,Omeprazole,200mg,2025-05-05,2025-05-11
835,414,Levothyroxine,100mg,2025-01-31,2025-02-09
836,415,Metformin,200mg,2025-05-19,2025-05-26
837,416,Simvastatin,100mg,2025-06-02,2025-06-05
838,416,Omeprazole,200mg,2025-06-02,2025-06-04
839,417,Simvastatin,100mg,2025-07-10,2025-07-11
840,417,Losartan,200mg,2025-07-10,2025-07-11
841,417,Simvastatin,300mg,2025-07-10,2025-07-11
842,418,Simvastatin,300mg,2025-07-08,2025-07-14
843,418,Amlodipine,100mg,2025-07-08,2025-07-10
844,419,Amlodipine,100mg,2025-04-16,2025-04-22
845,419,Levothyroxine,200mg,2025-04-16,2025-04-18
846,420,Furosemide,200mg,2025-07-30,2025-08-10
847,421,Amlodipine,200mg,2025-07-13,2025-07-16
848,422,Omeprazole,300mg,2025-03-29,2025-04-02
849,423,Metformin,300mg,2025-02-24,2025-02-28
850,423,Metoprolol,200mg,2025-02-24,2025-02-25
851,423,Atorvastatin,200mg,2025-02-24,2025-02-25
852,424,Metformin,200mg,2025-07-22,2025-07-24
853,424,Levothyroxine,300mg,2025-07-22,2025-08-02
854,424,Omeprazole,100mg,2025-07-22,2025-07-24
855,425,Losartan,300mg,2025-06-16,2025-06-23
856,425,Metoprolol,100mg,2025-06-16,2025-06-17
857,426,Levothyroxine,200mg,2025-05-09,2025-05-15
858,426,Simvastatin,100mg,2025-05-09,2025-05-12
859,426,Omeprazole,200mg,2025-05-09,2025-05-15
860,427,Metformin,100mg,2025-03-19,2025-03-22
861,427,Atorvastatin,200mg,2025-03-19,2025-03-22
862,428,Amlodipine,200mg,2025-02-05,2025-02-06
863,429,Metoprolol,100mg,2025-06-04,2025-06-10
864,429,Atorvastatin,300mg,2025-06-04,2025-06-07
865,429,Metoprolol,200mg,2025-06-04,2025-06-06
866,430,Lisinopril,200mg,2025-02-07,2025-02-10
867,430,Atorvastatin,200mg,2025-02-07,2025-02-08
868,430,Simvastatin,200mg,2025-02-07,2025-02-14
869,431,Atorvastatin,100mg,2025-07-10,2025-07-13
870,432,Furosemide,300mg,2025-06-06,2025-06-10
871,432,Metformin,100mg,2025-06-06,2025-06-12
872,432,Losartan,300mg,2025-06-06,2025-06-09
873,433,Losartan,100mg,2025-05-01,2025-05-04
874,433,Furosemide,100mg,2025-05-01,2025-05-05
875,434,Lisinopril,200mg,2025-07-15,2025-07-16
876,435,Metformin,300mg,2025-05-06,2025-05-16
877,435,Simvastatin,200mg,2025-05-06,2025-05-18
878,436,Furosemide,300mg,2025-06-06,2025-06-15
879,437,Simvastatin,200mg,2025-07-08,2025-07-09
880,437,Losartan,200mg,2025-07-08,2025-07-09
881,438,Metoprolol,100mg,2025-06-06,2025-06-07
882,438,Amlodipine,200mg,2025-06-06,2025-06-07
883,438,Simvastatin,200mg,2025-06-06,2025-06-07
884,439,Atorvastatin,100mg,2025-02-15,2025-02-17
885,439,Lisinopril,300mg,2025-02-15,2025-02-23
886,440,Metoprolol,100mg,2025-01-22,2025-01-29
887,440,Atorvastatin,300mg,2025-01-22,2025-01-28
888,441,Levothyroxine,300mg,2025-02-08,2025-02-10
889,441,Losartan,300mg,2025-02-08,2025-02-10
890,442,Metformin,200mg,2025-01-31,2025-02-02
891,442,Losartan,100mg,2025-01-31,2025-02-03
892,443,Lisinopril,100mg,2025-05-07,2025-05-08
893,443,Metoprolol,300mg,2025-05-07,2025-05-10
894,444,Metformin,200mg,2025-05-23,2025-06-03
895,445,Lisinopril,100mg,2025-02-07,2025-02-08
896,445,Simvastatin,100mg,2025-02-07,2025-02-10
897,446,Lisinopril,200mg,2025-03-14,2025-03-19
898,447,Losartan,100mg,2025-04-08,2025-04-11
899,447,Levothyroxine,300mg,2025-04-08,2025-04-14
900,448,Metoprolol,200mg,2025-05-15,2025-05-16
901,448,Amlodipine,200mg,2025-05-15,2025-05-18
902,448,Amlodipine,200mg,2025-05-15,2025-05-18
903,449,Losartan,300mg,2025-05-28,2025-06-06
904,449,Losartan,100mg,2025-05-28,2025-06-05
905,449,Amlodipine,300mg,2025-05-28,2025-06-01
906,450,Lisinopril,300mg,2025-02-19,2025-02-20
907,450,Simvastatin,100mg,2025-02-19,2025-02-20
908,450,Omeprazole,300mg,2025-02-19,2025-02-20
909,451,Levothyroxine,100mg,2025-02-24,2025-02-25
910,451,Lisinopril,200mg,2025-02-24,2025-02-25
911,452,Omeprazole,200mg,2025-07-05,2025-07-13
912,452,Metformin,200mg,2025-07-05,2025-07-08
913,453,Levothyroxine,300mg,2025-06-10,2025-06-16
914,453,Metoprolol,100mg,2025-06-10,2025-06-11
915,453,Amlodipine,200mg,2025-06-10,2025-06-16
916,454,Amlodipine,200mg,2025-02-08,2025-02-13
917,455,Lisinopril,100mg,2025-06-02,2025-06-04
918,455,Omeprazole,200mg,2025-06-02,2025-06-04
919,456,Furosemide,200mg,2025-05-15,2025-05-16
920,457,Metoprolol,200mg,2025-01-07,2025-01-12
921,457,Atorvastatin,100mg,2025-01-07,2025-01-20
922,458,Metoprolol,100mg,2025-06-23,2025-06-24
923,458,Levothyroxine,300mg,2025-06-23,2025-06-24
924,458,Amlodipine,200mg,2025-06-23,2025-06-24
925,459,Furosemide,100mg,2025-01-12,2025-01-14
926,459,Furosemide,200mg,2025-01-12,2025-01-14
927,460,Levothyroxine,100mg,2025-03-23,2025-03-25
928,461,Metoprolol,200mg,2025-05-24,2025-05-30
929,461,Atorvastatin,300mg,2025-05-24,2025-05-29
930,462,Atorvastatin,200mg,2025-02-13,2025-02-14
931,463,Simvastatin,300mg,2025-01-13,2025-01-14
932,463,Amlodipine,300mg,2025-01-13,2025-01-15
933,464,Atorvastatin,300mg,2025-03-21,2025-03-22
934,464,Losartan,200mg,2025-03-21,2025-03-22
935,464,Levothyroxine,300mg,2025-03-21,2025-03-27
936,465,Amlodipine,200mg,2025-07-16,2025-07-21
937,466,Lisinopril,100mg,2025-02-16,2025-02-24
938,467,Atorvastatin,200mg,2025-05-03,2025-05-05
939,467,Lisinopril,300mg,2025-05-03,2025-05-09
940,467,Lisinopril,300mg,2025-05-03,2025-05-08
941,468,Metoprolol,200mg,2025-04-13,2025-04-16
942,469,Omeprazole,300mg,2025-01-17,2025-01-22
943,469,Furosemide,300mg,2025-01-17,2025-01-19
944,469,Lisinopril,300mg,2025-01-17,2025-01-23
945,470,Atorvastatin,200mg,2025-05-05,2025-05-07
946,470,Lisinopril,300mg,2025-05-05,2025-05-06
947,471,Furosemide,100mg,2025-07-17,2025-07-31
948,472,Metoprolol,200mg,2025-07-13,2025-07-18
949,472,Amlodipine,200mg,2025-07-13,2025-07-23
950,473,Omeprazole,300mg,2025-02-22,2025-02-24
951,473,Metformin,300mg,2025-02-22,2025-03-04
952,474,Metformin,300mg,2025-02-02,2025-02-03
953,474,Metoprolol,200mg,2025-02-02,2025-02-16
954,474,Lisinopril,200mg,2025-02-02,2025-02-16
955,475,Simvastatin,100mg,2025-03-02,2025-03-07
956,475,Atorvastatin,100mg,2025-03-02,2025-03-06
957,476,Atorvastatin,100mg,2025-05-23,2025-05-25
958,476,Lisinopril,100mg,2025-05-23,2025-05-29
959,476,Atorvastatin,200mg,2025-05-23,2025-05-29
960,477,Amlodipine,300mg,2025-04-22,2025-04-24
961,477,Atorvastatin,300mg,2025-04-22,2025-04-24
962,478,Simvastatin,100mg,2025-05-22,2025-06-01
963,479,Amlodipine,100mg,2025-05-08,2025-05-14
964,479,Metformin,200mg,2025-05-08,2025-05-18
965,479,Omeprazole,300mg,2025-05-08,2025-05-10
966,480,Lisinopril,100mg,2025-06-26,2025-06-27
967,480,Losartan,300mg,2025-06-26,2025-06-27
968,480,Metoprolol,300mg,2025-06-26,2025-06-28
969,481,Amlodipine,200mg,2025-03-29,2025-04-04
970,481,Omeprazole,200mg,2025-03-29,2025-04-03
971,482,Losartan,100mg,2025-01-10,2025-01-20
972,482,Amlodipine,300mg,2025-01-10,2025-01-11
973,482,Levothyroxine,300mg,2025-01-10,2025-01-22
974,483,Levothyroxine,100mg,2025-03-15,2025-03-20
975,484,Atorvastatin,300mg,2025-03-13,2025-03-18
976,484,Atorvastatin,200mg,2025-03-13,2025-03-17
977,484,Atorvastatin,300mg,2025-03-13,2025-03-16
978,485,Atorvastatin,200mg,2025-05-05,2025-05-07
979,485,Simvastatin,300mg,2025-05-05,2025-05-06
980,485,Losartan,300mg,2025-05-05,2025-05-08
981,486,Metformin,200mg,2025-02-23,2025-02-26
982,487,Simvastatin,200mg,2025-05-02,2025-05-06
983,487,Atorvastatin,200mg,2025-05-02,2025-05-07
984,487,Metformin,200mg,2025-05-02,2025-05-05
985,488,Omeprazole,300mg,2025-06-23,2025-06-27
986,488,Levothyroxine,200mg,2025-06-23,2025-06-26
987,488,Levothyroxine,200mg,2025-06-23,2025-06-24
988,489,Omeprazole,300mg,2025-05-30,2025-06-05
989,489,Atorvastatin,300mg,2025-05-30,2025-06-02
990,489,Metformin,100mg,2025-05-30,2025-06-05
991,490,Levothyroxine,100mg,2025-01-04,2025-01-07
992,491,Furosemide,300mg,2025-01-07,2025-01-17
993,491,Lisinopril,100mg,2025-01-07,2025-01-09
994,491,Amlodipine,200mg,2025-01-07,2025-01-10
995,492,Levothyroxine,300mg,2025-07-15,2025-07-23
996,492,Lisinopril,200mg,2025-07-15,2025-07-26
997,493,Metformin,200mg,2025-07-16,2025-07-20
998,493,Omeprazole,200mg,2025-07-16,2025-07-17
999,494,Atorvastatin,100mg,2025-02-15,2025-02-23
1000,494,Atorvastatin,100mg,2025-02-15,2025-02-22
1001,495,Lisinopril,200mg,2025-06-14,2025-06-16
1002,496,Atorvastatin,200mg,2025-05-08,2025-05-11
1003,496,Simvastatin,100mg,2025-05-08,2025-05-11
1004,497,Lisinopril,100mg,2025-07-01,2025-07-10
1005,497,Metformin,300mg,2025-07-01,2025-07-08
1006,497,Losartan,300mg,2025-07-01,2025-07-03
1007,498,Metoprolol,100mg,2025-04-02,2025-04-05
1008,498,Losartan,300mg,2025-04-02,2025-04-05
1009,499,Simvastatin,300mg,2025-02-15,2025-02-17
1010,499,Omeprazole,100mg,2025-02-15,2025-02-23
1011,499,Losartan,100mg,2025-02-15,2025-02-19
1012,500,Levothyroxine,300mg,2025-02-19,2025-02-20
1013,500,Losartan,100mg,2025-02-19,2025-02-20
1014,500,Omeprazole,200mg,2025-02-19,2025-02-20
